,tweet_id,retweet_count,favorite_count
0,876484053909872640,2149,17547
1,886366144734445568,2861,19689
2,877611172832227328,73,0
3,888078434458587136,3137,20277
4,891689557279858688,7799,39218
5,879492040517615616,2893,21892
6,878604707211726852,6420,28095
7,879674319642796034,10,293
8,884876753390489601,5041,25903
9,882992080364220416,3518,22252
10,876120275196170240,4244,26144
11,889880896479866881,4502,25996
12,885518971528720385,3379,19074
13,879862464715927552,3164,20846
14,877556246731214848,3452,21177
15,890971913173991426,1835,10968
16,890006608113172480,6622,28569
17,873580283840344065,3595,22685
18,880935762899988482,2532,15940
19,891815181378084864,3741,23336
20,877201837425926144,5061,25301
21,886267009285017600,4,111
22,873337748698140672,1450,0
23,875747767867523072,3882,23503
24,889278841981685760,4820,23452
25,879415818425184262,40239,98603
26,882268110199369728,10471,41749
27,880465832366813184,5626,26524
28,887101392804085760,5398,28536
29,884162670584377345,2711,18998
30,879376492567855104,2836,15682
31,874057562936811520,3631,21258
32,875144289856114688,4462,20502
33,885528943205470208,5779,33464
34,878776093423087618,3710,18068
35,880872448815771648,3468,19828
36,885984800019947520,6075,30359
37,874434818259525634,13229,0
38,881633300179243008,7,116
39,883482846933004288,8933,42670
40,884562892145688576,4251,22637
41,889665388333682689,9027,44727
42,874680097055178752,4213,25999
43,887473957103951883,16273,64005
44,892177421306343426,5644,31016
45,884441805382717440,5148,25253
46,873213775632977920,1450,6703
47,890240255349198849,6637,29674
48,881268444196462592,4781,21651
49,891087950875897856,2815,18877
50,879130579576475649,6168,0
51,886680336477933568,4047,20937
52,878281511006478336,1164,7214
53,878404777348136964,1164,0
54,886054160059072513,100,0
55,888917238123831296,4058,27099
56,890729181411237888,17042,60545
57,881536004380872706,14465,46095
58,872967104147763200,4944,25525
59,887343217045368832,9473,31348
60,885311592912609280,16732,0
61,877316821321428993,4727,25578
62,885167619883638784,3949,20376
63,889638837579907072,4050,25171
64,876838120628539392,3031,19322
65,879050749262655488,4264,21010
66,892420643555336193,7635,35943
67,886983233522544640,6934,32507
68,876537666061221889,4269,22107
69,877736472329191424,17191,73890
70,874296783580663808,3750,24364
71,874012996292530176,9334,32053
72,888804989199671297,3828,23811
73,890609185150312448,3880,25975
74,887705289381826560,4878,28180
75,875097192612077568,5528,25634
76,875021211251597312,4291,23850
77,886258384151887873,5711,26060
78,878057613040115712,6168,39265
79,880095782870896641,3931,25740
80,887517139158093824,10649,43187
81,883117836046086144,6014,34583
82,884925521741709313,16342,71692
83,882045870035918850,4414,27312
84,883360690899218434,3348,21112
85,878316110768087041,6031,0
86,880221127280381952,3776,25115
87,883838122936631299,3102,20349
88,879008229531029506,2429,17724
89,882762694511734784,4419,26312
90,888554962724278272,3143,18372
91,882627270321602560,5496,26075
92,881666595344535552,9656,47199
93,884247878851493888,18369,67536
94,881906580714921986,3076,22676
95,886736880519319552,2905,11156
96,891327558926688256,8399,37447
97,889531135344209921,2039,14114
98,858860390427611136,7661,0
99,868639477480148993,1917,0
100,858471635011153920,4593,20607
101,870374049280663552,24364,78119
102,856330835276025856,637,0
103,855860136149123072,934,4737
104,864197398364647424,8241,28432
105,868880397819494401,13312,61664
106,867051520902168576,7304,30467
107,855851453814013952,17227,44163
108,872620804844003328,3332,19425
109,862457590147678208,4613,19454
110,866450705531457537,32660,115660
111,866094527597207552,7782,0
112,858843525470990336,3286,14929
113,860924035999428608,749,0
114,866720684873056260,4449,18923
115,863427515083354112,89,2093
116,863553081350529029,3913,14507
117,863907417377173506,3850,19542
118,854482394044301312,6578,28334
119,869227993411051520,3479,19241
120,859196978902773760,28410,85802
121,864279568663928832,2813,13826
122,869772420881756160,9332,40072
123,860184849394610176,5492,15919
124,854732716440526848,5810,22002
125,859074603037188101,12850,32342
126,864873206498414592,8091,30598
127,858107933456039936,2742,15100
128,862096992088072192,21653,70563
129,856288084350160898,15,493
130,857393404942143489,1557,5650
131,863471782782697472,2268,0
132,863432100342583297,4894,22595
133,860563773140209665,2012,7140
134,870656317836468226,2415,11607
135,870308999962521604,3811,20619
136,863079547188785154,1038,8342
137,870063196459192321,7641,34359
138,855818117272018944,5184,25727
139,865718153858494464,5220,24316
140,871762521631449091,3198,18973
141,861383897657036800,10031,34343
142,871102520638267392,5048,19649
143,870804317367881728,5684,31628
144,871166179821445120,5239,0
145,857263160327368704,4288,19264
146,860981674716409858,2012,0
147,859851578198683649,3307,14756
148,869702957897576449,5806,26576
149,867774946302451713,6796,32075
150,857989990357356544,2456,15437
151,856526610513747968,1785,11427
152,863062471531167744,2268,8027
153,855138241867124737,43,0
154,856543823941562368,2740,15701
155,871032628920680449,3507,21365
156,866686824827068416,3237,18232
157,855857698524602368,2012,11453
158,871879754684805121,10036,35268
159,855459453768019968,7867,28771
160,857029823797047296,3777,18109
161,869596645499047938,2879,15039
162,872820683541237760,3403,13807
163,865006731092295680,7158,26573
164,862831371563274240,4813,18247
165,871515927908634625,3188,18945
166,859607811541651456,1473,17813
167,856282028240666624,5995,26716
168,868552278524837888,1917,9503
169,855862651834028034,24,324
170,861005113778896900,3573,15916
171,866334964761202691,13229,49578
172,854120357044912130,7169,30998
173,862722525377298433,3306,16272
174,857746408056729600,10071,32855
175,857062103051644929,161,0
176,872486979161796608,8270,38222
177,861288531465048066,3875,16353
178,860276583193509888,3295,17532
179,860524505164394496,4983,22562
180,868622495443632128,4892,25149
181,859924526012018688,3862,18711
182,855245323840757760,5691,0
183,857214891891077121,17,216
184,867900495410671616,3861,22852
185,865359393868664832,4651,25057
186,870726314365509632,3,114
187,860177593139703809,29098,0
188,867421006826221569,2303,15192
189,872122724285648897,7393,32176
190,854365224396361728,4504,18288
191,867072653475098625,110,0
192,852672615818899456,2079,14506
193,840632337062862849,1744,8916
194,852553447878664193,3347,15859
195,838561493054533637,1322,10874
196,849051919805034497,8248,41483
197,842115215311396866,2989,13833
198,843856843873095681,4546,21190
199,847971574464610304,422,0
200,844223788422217728,2161,13485
201,845812042753855489,8521,28776
202,842846295480000512,3584,15106
203,850753642995093505,8838,30096
204,840370681858686976,4493,16310
205,840728873075638272,15890,0
206,847617282490613760,402,6864
207,852226086759018497,6625,19476
208,853760880890318849,5523,27719
209,847157206088847362,5730,19561
210,843235543001513987,5920,21266
211,836989968035819520,2276,12700
212,844979544864018432,2508,13449
213,847978865427394560,3173,0
214,840696689258311684,962,12181
215,837471256429613056,2255,12702
216,842535590457499648,3457,17903
217,846874817362120707,3844,19774
218,838952994649550848,3950,19520
219,842163532590374912,5691,24155
220,847842811428974592,1295,5337
221,843604394117681152,2694,16678
222,848212111729840128,2959,16013
223,842765311967449089,1257,6650
224,841320156043304961,5427,19613
225,853299958564483072,3436,15052
226,841833993020538882,14829,0
227,837110210464448512,2344,15967
228,838201503651401729,9946,0
229,837820167694528512,7782,33887
230,840698636975636481,2,172
231,847251039262605312,4224,20155
232,838916489579200512,35,0
233,850145622816686080,3688,15979
234,839990271299457024,2249,13307
235,837482249356513284,439,3834
236,852936405516943360,1924,0
237,845397057150107648,1764,7509
238,849776966551130114,7375,29767
239,848213670039564288,710,8022
240,852912242202992640,1745,8774
241,852311364735569921,9606,32301
242,838083903487373313,3098,17495
243,849412302885593088,3072,15542
244,845306882940190720,5290,23005
245,844973813909606400,3124,14867
246,846042936437604353,2803,15727
247,839239871831150596,6450,26902
248,841680585030541313,7700,25479
249,838085839343206401,1,138
250,838831947270979586,10890,0
251,851591660324737024,3363,15875
252,851861385021730816,19,0
253,845098359547420673,7501,0
254,838150277551247360,328,1662
255,839290600511926273,141,0
256,845677943972139009,4704,24823
257,846153765933735936,8848,31091
258,849336543269576704,1849,11193
259,849668094696017920,4817,0
260,844580511645339650,3062,16255
261,846139713627017216,9824,30583
262,853639147608842240,9663,33637
263,850380195714523136,2529,12811
264,852189679701164033,1540,11172
265,848324959059550208,4499,24222
266,839549326359670784,7661,27247
267,841077006473256960,5239,22642
268,848690551926992896,4217,24689
269,854010172552949760,3025,15727
270,840761248237133825,1744,0
271,838476387338051585,4720,22342
272,843981021012017153,2899,14989
273,838921590096166913,2040,11065
274,850333567704068097,319,3379
275,850019790995546112,4735,19953
276,846505985330044928,3007,13874
277,846514051647705089,11286,43885
278,847606175596138505,3352,18456
279,847116187444137987,3113,21111
280,851464819735769094,6841,23682
281,847962785489326080,4948,23094
282,840268004936019968,5649,19102
283,841439858740625411,3632,12517
284,841314665196081154,4584,15686
285,851224888060895234,5566,20210
286,831315979191906304,1125,6538
287,831650051525054464,1924,7126
288,830173239259324417,5674,0
289,832088576586297345,2,62
290,832397543355072512,2216,11946
291,826204788643753985,926,4893
292,826240494070030336,2617,13325
293,835309094223372289,20778,0
294,827199976799354881,2220,10591
295,826598365270007810,2340,10076
296,836260088725786625,4268,21216
297,829011960981237760,16295,53161
298,829878982036299777,5005,0
299,827600520311402496,945,7455
300,829449946868879360,2017,10470
301,825535076884762624,17606,57034
302,828381636999917570,2214,12582
303,832769181346996225,39,0
304,829861396166877184,1939,12235
305,833732339549220864,221,0
306,828650029636317184,1346,9502
307,828361771580813312,172,2196
308,826598799820865537,252,5131
309,835685285446955009,8072,0
310,826848821049180160,10180,36431
311,832215909146226688,6190,0
312,830956169170665475,1495,7961
313,829141528400556032,7336,24391
314,832273440279240704,2333,11339
315,835297930240217089,2989,16413
316,828376505180889089,1071,7382
317,828046555563323392,2877,11752
318,828770345708580865,5859,25582
319,836397794269200385,27295,0
320,831309418084069378,2463,11759
321,834086379323871233,2195,13034
322,834209720923721728,4725,20511
323,831322785565769729,1548,9277
324,827933404142436356,5247,20115
325,828409743546925057,1164,6347
326,832369877331693569,3173,17171
327,828372645993398273,2937,12579
328,832636094638288896,2771,15818
329,834458053273591808,1672,9591
330,836677758902222849,2208,12550
331,832032802820481025,4643,17847
332,831939777352105988,6119,23962
333,835574547218894849,3593,17725
334,832682457690300417,2899,11857
335,826476773533745153,4198,18441
336,832215726631055365,9293,0
337,832998151111966721,2194,13230
338,833124694597443584,4817,20153
339,831262627380748289,2041,11903
340,833863086058651648,2398,13398
341,825147591692263424,4554,18340
342,836001077879255040,4224,19004
343,834167344700198914,3644,15776
344,826115272272650244,3121,15681
345,824796380199809024,5508,0
346,834089966724603904,2121,10014
347,829501995190984704,10577,31733
348,831911600680497154,6486,27583
349,834477809192075265,10577,0
350,835246439529840640,73,2091
351,828801551087042563,3420,0
352,836753516572119041,4604,19232
353,834931633769889797,1627,10760
354,825876512159186944,1873,10512
355,833479644947025920,2040,14809
356,825026590719483904,1257,6322
357,836380477523124226,2968,14698
358,832757312314028032,3608,16838
359,835536468978302976,1687,0
360,832645525019123713,530,2916
361,834786237630337024,5460,21293
362,826615380357632002,3993,0
363,831670449226514432,1811,10424
364,828708714936930305,11173,36517
365,834574053763584002,2523,13613
366,835172783151792128,5733,26051
367,835264098648616962,1687,7711
368,836648853927522308,554,0
369,825829644528148480,2495,12771
370,828408677031882754,1291,7681
371,830097400375152640,2932,9783
372,833826103416520705,3754,18019
373,832040443403784192,9599,0
374,827324948884643840,3051,15875
375,828011680017821696,2151,10364
376,830583320585068544,16732,66773
377,831926988323639298,34,335
378,827653905312006145,3024,15540
379,831552930092285952,2310,8958
380,826958653328592898,5005,21610
381,835152434251116546,2993,22307
382,833722901757046785,3204,20758
383,825120256414846976,1257,0
384,823581115634085888,2632,13076
385,813202720496779264,1834,9330
386,819952236453363712,1181,5361
387,821813639212650496,3374,0
388,824025158776213504,603,4840
389,813130366689148928,452,4515
390,815966073409433600,8533,22623
391,819015331746349057,19091,0
392,823333489516937216,25,702
393,813142292504645637,2411,8564
394,819711362133872643,3132,13449
395,821765923262631936,1667,8452
396,813187593374461952,4408,20085
397,821421320206483457,5620,0
398,816014286006976512,5315,0
399,815390420867969024,3837,10452
400,813157409116065792,2234,7857
401,817908911860748288,810,4895
402,814578408554463233,5904,0
403,820013781606658049,1181,0
404,819227688460238848,6774,23221
405,817415592588222464,955,5645
406,817120970343411712,2621,12323
407,817056546584727552,1657,8667
408,824663926340194305,1781,10561
409,816829038950027264,4755,0
410,814530161257443328,1883,8735
411,821044531881721856,2298,12736
412,818259473185828864,2285,11104
413,818627210458333184,7592,22578
414,820837357901512704,6774,0
415,817502432452313088,3420,0
416,823719002937630720,11234,0
417,819004803107983360,37127,87515
418,818646164899774465,21156,0
419,821149554670182400,1992,8685
420,822489057087389700,6431,18249
421,822462944365645825,14381,28157
422,813944609378369540,3221,0
423,819015337530290176,37127,0
424,820078625395449857,6329,19938
425,815639385530101762,1669,8311
426,816697700272001025,2213,9877
427,816450570814898180,8158,30680
428,817423860136083457,14829,34112
429,822872901745569793,43431,132147
430,821153421864615936,10,256
431,819924195358416896,4915,12992
432,822244816520155136,9924,35106
433,818588835076603904,6195,0
434,814153002265309185,8770,29038
435,821522889702862852,1767,8071
436,813217897535406080,7371,18826
437,819588359383371776,2003,9706
438,814638523311648768,2726,11381
439,819238181065359361,410,2280
440,822163064745328640,4789,0
441,822975315408461824,3465,17401
442,818145370475810820,2593,12365
443,817827839487737858,27295,52047
444,821107785811234820,2146,9655
445,819347104292290561,1215,7261
446,823939628516474880,2716,10659
447,817171292965273600,2042,8838
448,821886076407029760,2319,11371
449,816336735214911488,1960,8680
450,817181837579653120,8533,0
451,813172488309972993,1949,9367
452,818536468981415936,2476,10982
453,814986499976527872,1289,7733
454,816091915477250048,2167,9016
455,820314633777061888,568,3368
456,820494788566847489,568,0
457,815990720817401858,1030,4994
458,818307523543449600,8158,0
459,821407182352777218,4355,11823
460,823699002998870016,2532,14041
461,813910438903693312,1885,9386
462,824775126675836928,3526,14953
463,818614493328580609,2583,9924
464,816816676327063552,2062,10097
465,816062466425819140,1030,0
466,823322678127919110,4038,15791
467,817536400337801217,2989,11860
468,815736392542261248,2281,9936
469,820749716845686786,9946,31725
470,823269594223824897,9924,0
471,819006400881917954,19091,45601
472,817777686764523521,2716,10836
473,822859134160621569,2286,13318
474,813800681631023104,1783,8398
475,815745968457060357,4172,0
476,813127251579564032,3169,11969
477,820690176645140481,3250,12276
478,822610361945911296,2969,14878
479,824297048279236611,3873,15114
480,820446719150292993,2583,0
481,813812741911748608,14135,36764
482,824325613288833024,10559,11879
483,822647212903690241,6431,0
484,805932879469572096,1951,8395
485,803380650405482500,1894,7878
486,807106840509214720,56161,119731
487,799063482566066176,2502,8172
488,801115127852503040,2129,8183
489,812709060537683968,1448,6683
490,811627233043480576,3119,12909
491,800751577355128832,2837,10703
492,805487436403003392,2556,8903
493,804475857670639616,2038,6210
494,802265048156610565,1398,6850
495,811744202451197953,1621,7635
496,809084759137812480,3576,13403
497,813096984823349248,3665,10684
498,813081950185472002,2813,9999
499,799774291445383169,4762,0
500,805207613751304193,1745,7934
501,805520635690676224,1680,5828
502,798701998996647937,7906,0
503,802185808107208704,276,0
504,807059379405148160,7456,0
505,806542213899489280,2389,10351
506,809448704142938112,1484,7021
507,800855607700029440,1634,0
508,808838249661788160,3082,10245
509,805958939288408065,5444,0
510,804413760345620481,3280,0
511,807010152071229440,3919,13252
512,811985624773361665,1421,7347
513,809808892968534016,4955,0
514,798933969379225600,4533,13266
515,806629075125202948,35111,75630
516,800513324630806528,3034,13285
517,802952499103731712,2037,9142
518,801167903437357056,6018,24771
519,807621403335917568,3673,14771
520,803773340896923648,2782,10189
521,802323869084381190,5916,16427
522,812372279581671427,3705,13807
523,806620845233815552,5611,0
524,804026241225523202,16389,45035
525,810896069567610880,1795,9123
526,812466873996607488,1953,8051
527,812781120811126785,1924,7657
528,806242860592926720,11795,0
529,799757965289017345,2201,8499
530,808001312164028416,3587,12679
531,798705661114773508,6744,0
532,805823200554876929,8144,0
533,801854953262350336,240,1802
534,808344865868283904,21156,43094
535,800859414831898624,98,694
536,800459316964663297,2201,9635
537,801285448605831168,834,6132
538,802624713319034886,2956,0
539,800388270626521089,2851,11299
540,798682547630837760,4792,0
541,798925684722855936,1463,7600
542,808134635716833280,6018,0
543,811647686436880384,751,5677
544,800188575492947969,4006,0
545,811386762094317568,6466,21171
546,803276597545603072,2491,10161
547,798694562394996736,5039,0
548,810984652412424192,1457,5398
549,812503143955202048,1235,6148
550,804738756058218496,3865,13879
551,809920764300447744,3993,15722
552,801127390143516673,4005,0
553,808106460588765185,2231,8909
554,802239329049477120,2662,9194
555,801538201127157760,2103,8335
556,803692223237865472,7539,0
557,800443802682937345,4384,0
558,813051746834595840,7454,21205
559,802572683846291456,2549,9050
560,798686750113755136,2371,0
561,800141422401830912,2583,15481
562,802600418706604034,1489,7198
563,806219024703037440,1213,6519
564,808733504066486276,2193,8001
565,810284430598270976,11448,35672
566,810254108431155201,3420,14878
567,809220051211603969,5674,20167
568,801958328846974976,1742,7858
569,813066809284972545,1978,8036
570,798697898615730177,6622,0
571,805826884734976000,1857,6648
572,799308762079035393,5549,0
573,813112105746448384,2777,10412
574,800018252395122689,13365,28739
575,806576416489959424,1975,4957
576,803638050916102144,4203,11088
577,808501579447930884,2639,11456
578,803321560782307329,5403,0
579,799422933579902976,1957,8172
580,810657578271330305,2683,11093
581,799297110730567681,2803,10028
582,794926597468000259,2336,10366
583,794983741416415232,3421,0
584,789280767834746880,5011,0
585,798209839306514432,2607,10557
586,796759840936919040,3075,11998
587,788070120937619456,3471,0
588,797545162159308800,4943,14734
589,787322443945877504,1762,7870
590,792050063153438720,1828,7245
591,788765914992902144,10450,27659
592,798665375516884993,3971,0
593,787717603741622272,2812,10385
594,791312159183634433,2572,8903
595,788039637453406209,1339,6202
596,798585098161549313,5789,0
597,793210959003287553,2837,9042
598,786729988674449408,2451,0
599,792773781206999040,1699,7444
600,798340744599797760,3394,0
601,796387464403357696,4210,11143
602,791784077045166082,9719,0
603,793195938047070209,5709,15479
604,796484825502875648,1783,7675
605,796116448414461957,2452,9219
606,789903600034189313,4191,10477
607,791821351946420224,21393,0
608,792883833364439040,4331,11453
609,789599242079838210,1954,6856
610,793845145112371200,1896,9351
611,796904159865868288,9063,0
612,796031486298386433,3764,10948
613,795076730285391872,5508,16404
614,798673117451325440,5630,0
615,790723298204217344,2345,0
616,786363235746385920,3548,11011
617,791780927877898241,3877,0
618,787111942498508800,6836,0
619,793120401413079041,3978,12827
620,787397959788929025,2879,11022
621,794355576146903043,10450,0
622,798644042770751489,1881,0
623,791406955684368384,4172,13310
624,789986466051088384,2345,9383
625,794205286408003585,3373,9341
626,787810552592695296,3088,8731
627,793614319594401792,3182,0
628,791774931465953280,22494,45697
629,790946055508652032,4755,16858
630,789314372632018944,2323,8765
631,789960241177853952,4175,0
632,788150585577050112,1303,6197
633,791026214425268224,4163,0
634,786595970293370880,3157,9551
635,789628658055020548,1792,7595
636,792394556390137856,4351,13624
637,789268448748703744,2638,9225
638,796177847564038144,14475,0
639,790698755171364864,1952,8329
640,794332329137291264,2719,9707
641,786963064373534720,8072,26935
642,791672322847637504,3182,11900
643,793180763617361921,2030,7020
644,789530877013393408,3421,11875
645,795400264262053889,2919,10191
646,788908386943430656,12643,27761
647,793226087023144960,2915,9961
648,788412144018661376,5336,15734
649,790337589677002753,1909,7933
650,797165961484890113,26,227
651,793256262322548741,8467,20226
652,792913359805018113,4037,14526
653,790581949425475584,7248,20904
654,793135492858580992,2535,6511
655,790987426131050500,2167,9950
656,793241302385262592,3347,10638
657,788178268662984705,2122,7311
658,796865951799083009,1950,7799
659,796149749086875649,14475,32656
660,786664955043049472,2589,10720
661,793165685325201412,2830,9527
662,797236660651966464,6682,20225
663,790227638568808452,3619,0
664,797971864723324932,3156,11744
665,796080075804475393,2344,8577
666,795464331001561088,23976,50230
667,793286476301799424,9293,24909
668,798628517273620480,2008,0
669,789137962068021249,2831,9841
670,790277117346975746,3221,12728
671,793962221541933056,4955,17027
672,796125600683540480,1834,5026
673,793271401113350145,2427,8813
674,786709082849828864,6190,18438
675,793601777308463104,1649,8091
676,793500921481273345,2411,10800
677,798576900688019456,5935,0
678,793150605191548928,1723,6258
679,786286427768250368,2879,8063
680,788552643979468800,7271,0
681,796563435802726400,7386,0
682,776088319444877312,151,1854
683,784057939640352768,11234,30048
684,778748913645780993,1322,6941
685,775733305207554048,4005,13940
686,777684233540206592,2956,11290
687,780476555013349377,114,0
688,775085132600442880,4762,15624
689,775898661951791106,16614,0
690,776249906839351296,9181,0
691,777641927919427584,4253,0
692,778764940568104960,365,873
693,782021823840026624,6261,0
694,776477788987613185,2799,8869
695,776813020089548800,1213,4916
696,785927819176054784,3228,11508
697,781163403222056960,2768,9893
698,773704687002451968,1636,6633
699,785872687017132033,1833,6772
700,774639387460112384,1741,6765
701,786051337297522688,156,1440
702,772877495989305348,3890,8603
703,776218204058357768,15962,30058
704,783347506784731136,5603,0
705,781524693396357120,5611,20907
706,778383385161035776,1109,5883
707,774757898236878852,1793,8639
708,783085703974514689,2226,8221
709,773922284943896577,1755,6430
710,784517518371221505,2563,9060
711,780800785462489090,1313,5528
712,785170936622350336,4885,12161
713,779056095788752897,4570,14863
714,778650543019483137,1509,5811
715,773191612633579521,4152,10040
716,777189768882946048,4328,14360
717,773670353721753600,1314,5375
718,780092040432480260,2313,0
719,780192070812196864,2254,8780
720,776819012571455488,13766,0
721,784431430411685888,1284,5765
722,778774459159379968,9964,0
723,779834332596887552,7093,19047
724,785515384317313025,1277,6185
725,786036967502913536,7093,0
726,776201521193218049,2533,9669
727,785264754247995392,1653,7330
728,779377524342161408,3132,8863
729,780074436359819264,5012,12278
730,780496263422808064,3722,0
731,777885040357281792,1637,6379
732,780931614150983680,7386,21800
733,783839966405230592,10890,30325
734,782598640137187329,1891,7867
735,778990705243029504,7249,20105
736,783695101801398276,3250,10568
737,785533386513321988,2019,9223
738,784826020293709826,3280,10209
739,773308824254029826,7501,23400
740,778408200802557953,4356,13708
741,781661882474196992,2739,10512
742,783334639985389568,11795,29433
743,786233965241827333,4789,15423
744,782722598790725632,5444,17415
745,777621514455814149,2515,8794
746,785639753186217984,2263,7927
747,778624900596654080,1016,4667
748,781655249211752448,1141,4026
749,782747134529531904,1423,7541
750,782969140009107456,7456,24343
751,773247561583001600,3266,9508
752,777953400541634568,3551,0
753,778286810187399168,3316,10440
754,781308096455073793,2574,7191
755,775364825476165632,2989,7440
756,779124354206535695,18424,0
757,773985732834758656,3879,10774
758,773336787167145985,5108,0
759,781955203444699136,3404,11221
760,778396591732486144,12313,0
761,780543529827336192,1753,6356
762,775729183532220416,4622,13063
763,783391753726550016,5537,17043
764,775842724423557120,2669,11768
765,775350846108426240,3927,10216
766,781251288990355457,2095,8513
767,778027034220126208,1624,6588
768,784183165795655680,8144,20276
769,783821107061198850,1996,7424
770,782305867769217024,5620,16793
771,778039087836069888,2663,8560
772,780459368902959104,1085,5343
773,774314403806253056,5549,21873
774,780601303617732608,3374,12209
775,773547596996571136,6195,22199
776,772826264096874500,2358,8099
777,783466772167098368,2273,8541
778,776113305656188928,4384,11831
779,780858289093574656,2031,7239
780,768970937022709760,6527,14388
781,759943073749200896,2080,5939
782,772102971039580160,946,4013
783,759447681597108224,2451,8486
784,772193107915964416,1396,6067
785,764857477905154048,1777,6453
786,763837565564780549,4163,12590
787,760290219849637889,11484,26761
788,770772759874076672,1419,5187
789,771500966810099713,2621,8288
790,766793450729734144,1357,5081
791,767122157629476866,2861,10188
792,759159934323924993,1153,0
793,768609597686943744,1205,4136
794,768855141948723200,891,4209
795,766069199026450432,853,4232
796,772581559778025472,1702,6531
797,766423258543644672,1591,6010
798,759446261539934208,486,1674
799,762464539388485633,4175,10304
800,768554158521745409,5860,0
801,761599872357261312,1191,4123
802,770093767776997377,3061,0
803,760190180481531904,1802,5700
804,765669560888528897,1223,5195
805,772615324260794368,3393,0
806,765222098633691136,3393,11633
807,772117678702071809,743,3795
808,760656994973933572,1906,6584
809,759923798737051648,5637,14658
810,758828659922702336,3821,11207
811,770069151037685760,2307,7621
812,771770456517009408,3394,12048
813,763103485927849985,2296,7367
814,767754930266464257,5403,16039
815,761976711479193600,2006,5405
816,771136648247640064,2933,9186
817,767884188863397888,1385,4755
818,761672994376806400,29098,49481
819,766078092750233600,2628,0
820,760521673607086080,1384,4221
821,762035686371364864,15547,31860
822,761227390836215808,1563,5323
823,760641137271070720,1294,4979
824,761750502866649088,3918,0
825,768909767477751808,2678,0
826,769695466921623552,1688,6435
827,761745352076779520,863,4275
828,759047813560868866,2006,6477
829,771014301343748096,1665,6888
830,772152991789019136,1134,3818
831,760539183865880579,3616,7561
832,766714921925144576,378,2620
833,766693177336135680,796,4023
834,766313316352462849,1890,6811
835,764259802650378240,1500,6028
836,763183847194451968,1470,5386
837,771908950375665664,1914,6609
838,766864461642756096,5637,0
839,761334018830917632,1450,5194
840,767500508068192258,2341,7518
841,770787852854652928,1203,4939
842,772114945936949249,470,2743
843,763167063695355904,3020,0
844,762471784394268675,6410,11232
845,760153949710192640,31,0
846,768473857036525572,3439,13658
847,770414278348247044,2104,6343
848,768193404517830656,3551,10895
849,765719909049503744,2156,7243
850,759846353224826880,1966,6729
851,761004547850530816,3471,11323
852,759557299618865152,1181,4691
853,762316489655476224,1124,4806
854,771171053431250945,7489,0
855,769335591808995329,7752,0
856,769212283578875904,1727,5406
857,759099523532779520,4162,14488
858,771102124360998913,1449,6259
859,770293558247038976,1480,6259
860,758854675097526272,893,3546
861,760252756032651264,867,3945
862,762699858130116608,3619,12142
863,768596291618299904,1287,5051
864,765371061932261376,2166,7073
865,770655142660169732,1773,7356
866,771380798096281600,5108,10517
867,767191397493538821,3769,12338
868,765395769549590528,3388,26647
869,759197388317847553,1943,6073
870,760893934457552897,977,3818
871,761292947749015552,1086,4489
872,763956972077010945,54,760
873,766008592277377025,497,3749
874,761371037149827077,18057,0
875,769940425801170949,9599,31429
876,759793422261743616,1906,5954
877,750071704093859840,3314,7797
878,749317047558017024,2219,5476
879,752334515931054080,1089,3805
880,748692773788876800,1321,4228
881,748705597323898880,943,2773
882,753039830821511168,20778,36991
883,758355060040593408,1066,3393
884,750381685133418496,27,693
885,748220828303695873,7722,14046
886,751538714308972544,1256,5016
887,754747087846248448,517,2585
888,753420520834629632,3556,7882
889,757597904299253760,299,0
890,751132876104687617,1292,5049
891,751598357617971201,3025,7894
892,756303284449767430,1089,3924
893,748575535303884801,1959,6033
894,753375668877008896,2313,7620
895,748699167502000129,1572,4722
896,752309394570878976,16176,0
897,748337862848962560,4071,7582
898,752932432744185856,6836,12587
899,750506206503038976,1136,4425
900,757354760399941633,1415,4513
901,750101899009982464,835,3034
902,750086836815486976,528,2161
903,750868782890057730,1352,4770
904,750041628174217216,610,3166
905,753026973505581056,961,3914
906,752660715232722944,1549,4371
907,748977405889503236,3374,10711
908,750117059602808832,1301,4316
909,748932637671223296,2227,5783
910,748568946752774144,665,2188
911,756526248105566208,3566,10390
912,757725642876129280,1208,4538
913,751205363882532864,1802,6299
914,750011400160841729,904,3235
915,754856583969079297,2507,6884
916,758099635764359168,9964,19025
917,749395845976588288,3414,8517
918,755206590534418437,5347,16397
919,752519690950500352,3426,7352
920,751830394383790080,1935,5793
921,750383411068534784,1145,4539
922,748346686624440324,1221,5196
923,758474966123810816,998,3797
924,758740312047005698,1611,5728
925,754449512966619136,729,3746
926,750719632563142656,5011,13124
927,751793661361422336,2885,5805
928,752173152931807232,1829,5953
929,755955933503782912,2868,7306
930,749403093750648834,530,2608
931,749417653287129088,1630,6086
932,757400162377592832,6838,15107
933,756651752796094464,1298,5038
934,754874841593970688,7880,0
935,753398408988139520,1893,5743
936,756288534030475264,17660,43884
937,749981277374128128,2449,5098
938,751583847268179968,1095,4377
939,750147208377409536,955,3091
940,757596066325864448,1052,4325
941,750026558547456000,787,2711
942,754482103782404096,1948,5278
943,755110668769038337,11044,21140
944,749064354620928000,1509,4782
945,758405701903519748,1906,5209
946,753298634498793472,5678,0
947,752568224206688256,2272,5476
948,752682090207055872,1585,5987
949,757741869644341248,3237,6872
950,751456908746354688,994,3207
951,757611664640446465,1105,4564
952,756998049151549440,1980,6274
953,751950017322246144,908,3048
954,757729163776290825,7908,0
955,752701944171524096,2843,0
956,753294487569522689,1035,3361
957,751937170840121344,1324,5179
958,751251247299190784,5846,12461
959,749036806121881602,788,3082
960,757393109802180609,1731,5803
961,749996283729883136,810,3060
962,749075273010798592,2061,5722
963,754120377874386944,2352,7858
964,748307329658011649,704,3648
965,756275833623502848,1525,6399
966,756939218950160384,2001,6639
967,758467244762497024,2206,4776
968,750056684286914561,892,3147
969,758041019896193024,373,2699
970,750429297815552001,4253,13116
971,750132105863102464,1289,3598
972,749774190421639168,1308,4645
973,752917284578922496,1568,6910
974,748324050481647620,751,3663
975,753655901052166144,2161,5831
976,742423170473463808,3722,9729
977,744234799360020481,77056,155021
978,743595368194129920,6464,18197
979,746906459439529985,294,2878
980,743980027717509120,1083,4135
981,747885874273214464,966,2923
982,740676976021798912,6744,17992
983,740711788199743490,925,3371
984,744995568523612160,610,2949
985,742528092657332225,1945,4372
986,741438259667034112,819,3655
987,737800304142471168,3419,9885
988,746726898085036033,1779,6008
989,740214038584557568,1942,6621
990,743835915802583040,2050,0
991,746542875601690625,1864,4996
992,739623569819336705,1335,3731
993,747512671126323200,1595,5503
994,746507379341139972,1075,4618
995,738184450748633089,1197,4271
996,741793263812808706,1495,4502
997,747594051852075008,1048,3652
998,744709971296780288,1550,5569
999,746056683365994496,803,3532
1000,746521445350707200,976,0
1001,745789745784041472,1056,3985
1002,738883359779196928,782,3270
1003,747933425676525569,2515,6563
1004,743222593470234624,1891,6147
1005,737678689543020544,1295,4977
1006,739932936087216128,1063,4011
1007,737445876994609152,4402,10131
1008,736365877722001409,1227,3925
1009,739485634323156992,2894,7079
1010,747242308580548608,2885,0
1011,740699697422163968,772,2823
1012,743510151680958465,3704,7864
1013,747219827526344708,1550,5228
1014,742150209887731712,1528,5069
1015,744334592493166593,2086,6729
1016,746131877086527488,2179,6863
1017,740373189193256964,13159,34631
1018,741067306818797568,3061,9425
1019,747651430853525504,153,1378
1020,746818907684614144,1724,5290
1021,747600769478692864,552,2308
1022,738891149612572673,6,109
1023,743545585370791937,933,3504
1024,736736130620620800,1702,4203
1025,739238157791694849,57237,114584
1026,736225175608430592,2741,8020
1027,747103485104099331,3932,9496
1028,745074613265149952,3455,7776
1029,745433870967832576,2511,7024
1030,745712589599014916,2307,6957
1031,740365076218183684,426,2429
1032,742465774154047488,3881,7193
1033,740995100998766593,2703,6301
1034,746757706116112384,3877,9509
1035,742161199639494656,1351,4300
1036,738537504001953792,1515,5026
1037,743609206067040256,1370,4434
1038,739979191639244800,5860,19742
1039,737310737551491075,7313,14486
1040,747204161125646336,915,3357
1041,737322739594330112,803,3556
1042,747844099428986880,745,2802
1043,747648653817413632,5795,12804
1044,738156290900254721,632,2475
1045,739844404073074688,848,3768
1046,742385895052087300,1944,6733
1047,747816857231626240,1149,4820
1048,737826014890496000,1745,5211
1049,746790600704425984,1588,4832
1050,743253157753532416,1213,4192
1051,744971049620602880,2656,7809
1052,745057283344719872,2239,7204
1053,744223424764059648,360,1652
1054,746369468511756288,1616,6141
1055,743210557239623680,1344,3802
1056,742534281772302336,3532,7007
1057,745314880350101504,2726,7132
1058,741099773336379392,5449,9886
1059,745422732645535745,2419,8502
1060,739544079319588864,20975,39079
1061,738166403467907072,3308,8670
1062,740359016048689152,853,3264
1063,747461612269887489,1033,3840
1064,747963614829678593,2123,5740
1065,735991953473572864,1133,3554
1066,741303864243200000,3164,8695
1067,741743634094141440,2719,8099
1068,736392552031657984,7271,17488
1069,739606147276148736,1635,5335
1070,747439450712596480,1899,5382
1071,738885046782832640,1129,3731
1072,746872823977771008,2114,5938
1073,736010884653420544,2940,7797
1074,743895849529389061,954,3621
1075,738402415918125056,818,3218
1076,717421804990701568,827,3117
1077,719991154352222208,1717,4771
1078,718540630683709445,999,2420
1079,725458796924002305,607,1394
1080,719332531645071360,932,3382
1081,718939241951195136,1731,5176
1082,730211855403241472,1043,3770
1083,735648611367784448,1086,3981
1084,722613351520608256,1611,4889
1085,723912936180330496,1216,3829
1086,734559631394082816,391,1462
1087,720043174954147842,1972,4836
1088,717428917016076293,440,1593
1089,725842289046749185,2628,6976
1090,727155742655025152,1308,3570
1091,728409960103686147,1969,4844
1092,720389942216527872,2464,6274
1093,728015554473250816,1088,4055
1094,726828223124897792,989,3514
1095,720785406564900865,755,3067
1096,724983749226668032,1287,3682
1097,716802964044845056,1152,4222
1098,731156023742988288,1249,3786
1099,720775346191278080,652,2425
1100,725729321944506368,1756,5130
1101,735274964362878976,4964,12858
1102,718234618122661888,976,3807
1103,728035342121635841,1644,4503
1104,735137028879360001,961,3092
1105,718971898235854848,1058,3430
1106,728653952833728512,1017,3266
1107,729823566028484608,1229,3920
1108,718460005985447936,514,2655
1109,724405726123311104,1625,5202
1110,716791146589110272,1554,8041
1111,726935089318363137,2408,6766
1112,724004602748780546,1519,4112
1113,719367763014393856,729,2760
1114,729854734790754305,1107,3974
1115,733828123016450049,770,3529
1116,722974582966214656,1537,4042
1117,730573383004487680,2101,4829
1118,727314416056803329,727,3290
1119,726887082820554753,1502,3789
1120,729838605770891264,378,1698
1121,724049859469295616,1749,4260
1122,728046963732717569,1180,4238
1123,733460102733135873,1264,4140
1124,730924654643314689,1946,6060
1125,724046343203856385,545,2620
1126,727524757080539137,1201,4409
1127,725786712245440512,1349,4111
1128,728986383096946689,808,3097
1129,728751179681943552,668,2721
1130,732732193018155009,527,2401
1131,726224900189511680,1123,4367
1132,732585889486888962,768,3613
1133,734787690684657664,6194,12364
1134,735635087207878657,2316,6089
1135,732005617171337216,5315,14689
1136,727175381690781696,1362,3859
1137,735256018284875776,868,3283
1138,734776360183431168,531,2475
1139,733109485275860992,16614,49558
1140,718246886998687744,492,1881
1141,719551379208073216,1872,4969
1142,727685679342333952,634,2924
1143,721503162398597120,1810,4545
1144,723673163800948736,873,2966
1145,717537687239008257,1825,5700
1146,734912297295085568,518,2716
1147,723688335806480385,2888,7561
1148,720340705894408192,964,2823
1149,730196704625098752,1868,4771
1150,728760639972315136,1674,4610
1151,728387165835677696,946,3650
1152,717009362452090881,947,3201
1153,731285275100512256,980,3443
1154,717790033953034240,1090,2839
1155,727644517743104000,1718,5793
1156,717047459982213120,1899,6202
1157,720415127506415616,1475,4065
1158,718454725339934721,1487,4792
1159,733482008106668032,938,3096
1160,732375214819057664,2477,7963
1161,724771698126512129,625,2314
1162,730427201120833536,1029,3444
1163,727286334147182592,798,3007
1164,721001180231503872,601,2497
1165,729463711119904772,2285,5713
1166,732726085725589504,879,3504
1167,718631497683582976,7906,18588
1168,719704490224398336,1404,4472
1169,723179728551723008,1831,5222
1170,719339463458033665,1210,4368
1171,720059472081784833,1107,3802
1172,718613305783398402,475,2405
1173,717841801130979328,594,2421
1174,733822306246479872,1009,3626
1175,729113531270991872,319,1852
1176,713177543487135744,2789,7124
1177,715220193576927233,638,2390
1178,710833117892898816,522,2650
1179,708356463048204288,1297,3532
1180,714957620017307648,1391,4071
1181,712717840512598017,4902,12164
1182,708834316713893888,494,1662
1183,712309440758808576,25,240
1184,708469915515297792,802,3064
1185,711008018775851008,602,2956
1186,710272297844797440,1233,4475
1187,710658690886586372,552,2276
1188,708738143638450176,799,2720
1189,707776935007539200,944,3242
1190,709207347839836162,5699,12349
1191,714962719905021952,4190,7244
1192,715680795826982913,1588,4243
1193,709901256215666688,99,653
1194,712092745624633345,874,2899
1195,709158332880297985,410,2010
1196,715696743237730304,1270,3858
1197,711968124745228288,2263,7950
1198,712668654853337088,1198,4128
1199,709519240576036864,234,1476
1200,716447146686459905,5771,12866
1201,714631576617938945,980,3231
1202,711363825979756544,1115,3600
1203,709225125749587968,566,2381
1204,716285507865542656,1039,2728
1205,714141408463036416,1374,4267
1206,715928423106027520,863,3141
1207,715200624753819648,1851,5066
1208,707969809498152960,954,2671
1209,708845821941387268,887,2938
1210,708479650088034305,670,2510
1211,708400866336894977,9907,15766
1212,709449600415961088,562,2192
1213,710844581445812225,678,2512
1214,716439118184652801,205,2345
1215,715009755312439296,1208,4096
1216,716080869887381504,1868,6663
1217,708119489313951744,969,2658
1218,708149363256774660,1533,4226
1219,714258258790387713,712,2988
1220,712065007010385924,611,2235
1221,708810915978854401,6819,16240
1222,713919462244790272,780,3245
1223,710140971284037632,867,2718
1224,710269109699739648,1101,2362
1225,715758151270801409,1412,3662
1226,709556954897764353,1055,3248
1227,709918798883774466,1073,3444
1228,714485234495041536,1108,2649
1229,714606013974974464,912,3582
1230,711652651650457602,900,3801
1231,713411074226274305,1281,4378
1232,708853462201716736,651,1777
1233,710153181850935296,877,2862
1234,712438159032893441,1541,5243
1235,713909862279876608,530,1866
1236,710283270106132480,516,2121
1237,709566166965075968,1186,3501
1238,710117014656950272,1965,5411
1239,709042156699303936,1605,4672
1240,712085617388212225,478,3231
1241,715342466308784130,684,2999
1242,709198395643068416,636,2402
1243,708130923141795840,840,3332
1244,708109389455101952,543,1921
1245,711998809858043904,125,0
1246,710588934686908417,1836,4477
1247,711694788429553666,18057,32402
1248,715733265223708672,1660,4584
1249,707741517457260545,607,2462
1250,715360349751484417,1536,5392
1251,713761197720473600,1351,4790
1252,714214115368108032,856,2238
1253,709409458133323776,670,2585
1254,712809025985978368,6622,18795
1255,714251586676113411,823,3231
1256,713900603437621249,731,2794
1257,714982300363173890,1015,3681
1258,707983188426153984,2,49
1259,712097430750289920,1015,3728
1260,707995814724026368,1110,3087
1261,708026248782585858,1902,4339
1262,710296729921429505,726,2348
1263,708711088997666817,708,2499
1264,713175907180089344,1453,4399
1265,709179584944730112,663,1974
1266,709852847387627521,1186,3471
1267,715704790270025728,558,2752
1268,716730379797970944,418,1215
1269,711743778164514816,972,2803
1270,710609963652087808,2335,4733
1271,711306686208872448,725,3255
1272,707738799544082433,2426,4023
1273,710997087345876993,1368,4505
1274,708349470027751425,726,2311
1275,711732680602345472,4045,8713
1276,702276748847800320,759,2435
1277,699779630832685056,1218,2709
1278,704134088924532736,453,1490
1279,704113298707505153,565,1832
1280,705428427625635840,1661,3771
1281,706901761596989440,586,2025
1282,702684942141153280,1064,3194
1283,699801817392291840,939,3029
1284,707693576495472641,978,3351
1285,707021089608753152,1339,4025
1286,701981390485725185,979,3416
1287,700796979434098688,928,2415
1288,707315916783140866,632,2441
1289,705970349788291072,884,3136
1290,700062718104104960,684,2623
1291,706538006853918722,1410,3439
1292,706346369204748288,912,3403
1293,703268521220972544,544,1955
1294,700462010979500032,1769,4085
1295,707377100785885184,1077,3236
1296,700167517596164096,722,2608
1297,705975130514706432,723,3066
1298,701889187134500865,1371,3500
1299,702539513671897089,947,2853
1300,700518061187723268,786,2580
1301,702899151802126337,448,1592
1302,700890391244103680,560,2196
1303,704347321748819968,347,1562
1304,707610948723478529,6261,16751
1305,706169069255446529,2180,3858
1306,705475953783398401,895,2920
1307,704491224099647488,78,745
1308,707387676719185920,1266,3454
1309,705239209544720384,743,2971
1310,703425003149250560,1352,3764
1311,707014260413456384,589,2281
1312,705786532653883392,511,1908
1313,705066031337840642,615,2156
1314,702332542343577600,1527,3139
1315,706516534877929472,1023,3074
1316,703382836347330562,1129,3477
1317,703774238772166656,453,1824
1318,701601587219795968,445,2072
1319,706593038911545345,625,2127
1320,701570477911896070,914,2777
1321,707038192327901184,778,2154
1322,707629649552134146,860,2541
1323,700747788515020802,9181,22556
1324,703407252292673536,688,2413
1325,706291001778950144,473,1675
1326,703631701117943808,674,2547
1327,707420581654872064,688,2241
1328,700002074055016451,1323,3278
1329,701952816642965504,1012,3800
1330,706681918348251136,964,3261
1331,702671118226825216,550,2176
1332,702321140488925184,1030,3242
1333,700847567345688576,499,2433
1334,700029284593901568,580,2051
1335,700143752053182464,2678,7457
1336,706265994973601792,923,2699
1337,700505138482569216,560,2262
1338,707411934438625280,590,2278
1339,704499785726889984,1003,2881
1340,705442520700944385,1603,4377
1341,704859558691414016,533,2228
1342,704819833553219584,973,2607
1343,707297311098011648,773,2739
1344,703356393781329922,382,1896
1345,703041949650034688,12313,26037
1346,704871453724954624,1102,4227
1347,706166467411222528,1581,5098
1348,701545186879471618,604,2632
1349,699691744225525762,4550,10163
1350,700864154249383937,612,2570
1351,699775878809702401,597,1936
1352,702217446468493312,1324,4715
1353,701214700881756160,5039,12066
1354,702598099714314240,3389,12104
1355,701805642395348998,1652,3377
1356,703611486317502464,1510,3793
1357,700151421916807169,662,2217
1358,699788877217865730,505,2205
1359,703769065844768768,1131,3235
1360,707059547140169728,663,2561
1361,704847917308362754,1506,5005
1362,705898680587526145,542,2339
1363,704364645503647744,3507,7891
1364,706153300320784384,381,1467
1365,702932127499816960,716,2550
1366,705102439679201280,511,2116
1367,703079050210877440,3036,7293
1368,704761120771465216,2885,6566
1369,705591895322394625,1136,3123
1370,706904523814649856,7752,14402
1371,706644897839910912,1075,2536
1372,704480331685040129,1057,3347
1373,706310011488698368,7819,21037
1374,705223444686888960,788,2551
1375,704054845121142784,905,2891
1376,692535307825213440,1342,3130
1377,698178924120031232,731,2779
1378,696518437233913856,1693,3862
1379,693582294167244802,242,1626
1380,692530551048294401,408,1810
1381,697990423684476929,1283,3248
1382,693231807727280129,725,2842
1383,695064344191721472,584,1582
1384,699413908797464576,622,2053
1385,696405997980676096,1143,3168
1386,699323444782047232,853,3117
1387,697482927769255936,662,2387
1388,698195409219559425,5904,16567
1389,698262614669991936,1973,4704
1390,693280720173801472,1219,3311
1391,697575480820686848,494,2022
1392,698635131305795584,336,1279
1393,693267061318012928,805,2353
1394,698953797952008193,891,2647
1395,693629975228977152,782,2408
1396,696900204696625153,1008,3136
1397,696488710901260288,1006,2486
1398,692901601640583168,595,1743
1399,697596423848730625,1246,2978
1400,698710712454139905,674,2441
1401,692187005137076224,809,2501
1402,695314793360662529,1433,3587
1403,693262851218264065,491,2189
1404,696886256886657024,1772,4801
1405,693993230313091072,397,1852
1406,697995514407682048,330,1498
1407,694669722378485760,14185,35408
1408,692417313023332352,3420,9267
1409,696100768806522880,644,1908
1410,693647888581312512,576,2655
1411,699088579889332224,625,2218
1412,697463031882764288,1383,3382
1413,694356675654983680,284,1482
1414,698355670425473025,443,1827
1415,696744641916489729,926,2044
1416,694342028726001664,479,1561
1417,693642232151285760,407,2506
1418,695446424020918272,1791,4346
1419,693622659251335168,370,1515
1420,695629776980148225,2064,4509
1421,697516214579523584,1099,2028
1422,692919143163629568,742,2647
1423,692905862751522816,856,2399
1424,692828166163931137,874,2834
1425,697616773278015490,1000,3118
1426,695409464418041856,3526,8571
1427,694352839993344000,609,2004
1428,698989035503689728,964,3307
1429,694329668942569472,497,1978
1430,698342080612007937,945,2244
1431,697270446429966336,1850,4644
1432,696894894812565505,674,2320
1433,693644216740769793,122,1338
1434,695095422348574720,608,2597
1435,693590843962331137,1932,4994
1436,692894228850999298,786,2240
1437,699446877801091073,2584,5882
1438,696713835009417216,642,2352
1439,693486665285931008,627,1754
1440,699370870310113280,434,1867
1441,692568918515392513,1514,4308
1442,699060279947165696,1775,3705
1443,699036661657767936,1186,2574
1444,699079609774645248,647,2423
1445,693095443459342336,452,1833
1446,694001791655137281,1015,3365
1447,695794761660297217,756,3130
1448,693109034023534592,602,1694
1449,697630435728322560,535,1722
1450,694183373896572928,917,2927
1451,696877980375769088,704,2414
1452,696490539101908992,140,1199
1453,699072405256409088,1181,2938
1454,697255105972801536,1150,3002
1455,695767669421768709,734,1838
1456,697881462549430272,1161,2981
1457,695074328191332352,1081,2809
1458,697242256848379904,661,2487
1459,694925794720792577,909,2665
1460,699423671849451520,321,1344
1461,698907974262222848,618,2512
1462,696754882863349760,357,1473
1463,695051054296211456,783,2634
1464,695816827381944320,1149,2984
1465,699434518667751424,509,2140
1466,698703483621523456,373,1430
1467,692423280028966913,225,1469
1468,694206574471057408,2011,4112
1469,692752401762250755,3592,6748
1470,697259378236399616,991,3264
1471,698549713696649216,617,2298
1472,693942351086120961,365,1728
1473,694905863685980160,927,2718
1474,697943111201378304,666,2361
1475,693155686491000832,3172,7791
1476,686035780142297088,115,1139
1477,687124485711986689,499,2153
1478,687841446767013888,2472,5393
1479,687127927494963200,2241,5370
1480,690360449368465409,868,2639
1481,690348396616552449,511,1492
1482,690959652130045952,1230,3542
1483,687317306314240000,9063,19924
1484,686394059078897668,682,1720
1485,688898160958271489,771,2076
1486,687102708889812993,966,2320
1487,686606069955735556,538,1871
1488,691416866452082688,7539,19101
1489,689280876073582592,698,1960
1490,689143371370250240,503,1999
1491,687476254459715584,525,1967
1492,691096613310316544,870,2935
1493,687732144991551489,657,1742
1494,689283819090870273,1088,3225
1495,688894073864884227,679,2221
1496,688908934925697024,753,2090
1497,688519176466644993,717,2295
1498,688064179421470721,357,1715
1499,687494652870668288,568,1880
1500,686618349602762752,1350,3672
1501,688116655151435777,762,2796
1502,689557536375177216,451,2020
1503,691820333922455552,1637,3911
1504,687818504314159109,935,2453
1505,688179443353796608,578,2121
1506,691459709405118465,1125,4000
1507,688828561667567616,366,1365
1508,690400367696297985,445,1869
1509,687312378585812992,1872,4314
1510,688385280030670848,4426,9180
1511,686377065986265092,557,2183
1512,687826841265172480,1107,2716
1513,692142790915014657,388,1629
1514,686050296934563840,721,2193
1515,690607260360429569,18,293
1516,687109925361856513,2427,5734
1517,688916208532455424,855,2685
1518,690728923253055490,509,2155
1519,686386521809772549,868,3223
1520,691675652215414786,500,1935
1521,686947101016735744,3150,8541
1522,689661964914655233,921,3187
1523,686034024800862208,1129,3052
1524,690248561355657216,412,1656
1525,691483041324204033,559,2367
1526,691090071332753408,330,1701
1527,689835978131935233,739,2152
1528,687807801670897665,711,2377
1529,692017291282812928,947,2856
1530,686683045143953408,788,2794
1531,690690673629138944,809,2305
1532,692041934689402880,1254,3375
1533,686286779679375361,1643,3963
1534,689255633275777024,1070,2525
1535,689517482558820352,1412,3361
1536,687399393394311168,609,1870
1537,689905486972461056,692,2417
1538,689977555533848577,440,1352
1539,687704180304273409,832,2409
1540,689999384604450816,362,1403
1541,686749460672679938,1439,3436
1542,687096057537363968,599,2215
1543,686358356425093120,660,2161
1544,690989312272396288,2832,5840
1545,692158366030913536,778,2126
1546,691321916024623104,653,2538
1547,687460506001633280,540,2042
1548,686730991906516992,1186,4092
1549,690938899477221376,1926,4049
1550,691793053716221953,4166,8045
1551,689275259254616065,242,1132
1552,691444869282295808,841,2619
1553,688547210804498433,688,2563
1554,690015576308211712,724,2465
1555,690735892932222976,1252,3742
1556,687664829264453632,504,1919
1557,689623661272240129,631,2207
1558,691756958957883396,982,2821
1559,689993469801164801,443,1447
1560,688789766343622656,654,2202
1561,689289219123089408,926,2236
1562,689599056876867584,5447,11524
1563,689877686181715968,1149,3013
1564,688804835492233216,191,955
1565,688211956440801280,821,2218
1566,690597161306841088,596,1937
1567,690374419777196032,839,3220
1568,690005060500217858,1667,3629
1569,690021994562220032,1017,2759
1570,686760001961103360,1364,3486
1571,689659372465688576,3808,10267
1572,690649993829576704,275,1288
1573,689154315265683456,991,3044
1574,690932576555528194,1002,3251
1575,687480748861947905,235,1584
1576,683742671509258241,3251,6395
1577,681340665377193984,275,1631
1578,681339448655802368,4031,9171
1579,682393905736888321,658,2211
1580,682808988178739200,166,1759
1581,681579835668455424,1279,3512
1582,685906723014619143,2840,7425
1583,683481228088049664,986,2631
1584,685663452032069632,1436,3199
1585,684588130326986752,1389,4072
1586,683515932363329536,2843,7255
1587,681320187870711809,730,2614
1588,682389078323662849,451,1640
1589,685681090388975616,123,2009
1590,681981167097122816,1019,2780
1591,684097758874210310,1412,4072
1592,682962037429899265,16320,36372
1593,685641971164143616,770,2914
1594,684222868335505415,1352,3780
1595,682047327939461121,922,3161
1596,682242692827447297,1145,3211
1597,683828599284170753,1053,2765
1598,681523177663676416,5678,14112
1599,684188786104872960,1159,3461
1600,682788441537560576,1093,2449
1601,684177701129875456,657,1994
1602,682003177596559360,1500,3086
1603,684460069371654144,556,1955
1604,685532292383666176,1144,3000
1605,684880619965411328,799,2065
1606,682259524040966145,1183,4083
1607,681610798867845120,459,1883
1608,682429480204398592,1138,3398
1609,684800227459624960,989,2711
1610,681242418453299201,523,1471
1611,684594889858887680,3459,8810
1612,686007916130873345,404,2458
1613,684481074559381504,1156,3852
1614,685547936038666240,15419,32586
1615,681891461017812993,804,2444
1616,681281657291280384,1087,3196
1617,685307451701334016,438,2049
1618,684914660081053696,1432,3478
1619,681302363064414209,1790,3888
1620,684926975086034944,456,3459
1621,684195085588783105,503,1883
1622,685321586178670592,628,2625
1623,682088079302213632,9719,18023
1624,684122891630342144,463,1985
1625,683462770029932544,663,2402
1626,684567543613382656,1192,2980
1627,685169283572338688,1409,4067
1628,684147889187209216,1496,2953
1629,685268753634967552,1187,3061
1630,683449695444799489,1582,3846
1631,681193455364796417,1455,3649
1632,685198997565345792,661,2319
1633,682059653698686977,1656,4876
1634,685943807276412928,584,1617
1635,684241637099323392,3234,8042
1636,682406705142087680,1743,7468
1637,682662431982772225,1064,3027
1638,682638830361513985,590,2054
1639,683357973142474752,903,2876
1640,684959798585110529,3080,6754
1641,683030066213818368,729,2142
1642,683849932751646720,951,2583
1643,685315239903100929,1029,3281
1644,683098815881154561,647,2142
1645,682750546109968385,429,1503
1646,683391852557561860,2371,7556
1647,681654059175129088,912,2610
1648,683857920510050305,1109,3767
1649,684902183876321280,521,1855
1650,684225744407494656,206,1215
1651,683852578183077888,340,1919
1652,684969860808454144,363,2367
1653,683111407806746624,895,3363
1654,681694085539872773,4006,12659
1655,686003207160610816,614,1806
1656,684940049151070208,1035,3180
1657,680970795137544192,646,2394
1658,683773439333797890,1331,3309
1659,681297372102656000,940,3176
1660,682303737705140231,958,3020
1661,683078886620553216,552,1967
1662,685667379192414208,558,2338
1663,683142553609318400,1029,2839
1664,681231109724700672,477,2380
1665,683834909291606017,1096,2597
1666,684200372118904832,1021,2126
1667,682032003584274432,1974,6498
1668,682697186228989953,355,1302
1669,681261549936340994,267,1442
1670,685325112850124800,3918,9358
1671,683498322573824003,951,3141
1672,681679526984871937,432,1751
1673,685973236358713344,515,2078
1674,684538444857667585,937,2623
1675,684830982659280897,21393,34645
1676,678396796259975168,405,1561
1677,679062614270468097,7908,16656
1678,680115823365742593,890,2681
1679,678334497360859136,248,1284
1680,678675843183484930,1425,2807
1681,678399652199309312,31024,77766
1682,678991772295516161,1131,2259
1683,677565715327688705,452,1276
1684,677334615166730240,278,1318
1685,680473011644985345,735,2512
1686,678774928607469569,883,2764
1687,680934982542561280,428,2062
1688,678755239630127104,3204,6969
1689,677716515794329600,958,2991
1690,679148763231985668,1007,2730
1691,678023323247357953,374,1877
1692,680070545539371008,846,2549
1693,679530280114372609,2044,4718
1694,678410210315247616,1765,4131
1695,678341075375947776,524,1696
1696,677644091929329666,779,1817
1697,679729593985699840,809,2138
1698,677673981332312066,1461,3265
1699,680100725817409536,1348,3523
1700,679047485189439488,650,2210
1701,680176173301628928,1525,3840
1702,679777920601223168,1082,3055
1703,679722016581222400,459,1637
1704,677573743309385728,685,2088
1705,679462823135686656,18424,31075
1706,679877062409191424,640,1961
1707,680221482581123072,290,1448
1708,679736210798047232,777,2068
1709,680889648562991104,358,1739
1710,680609293079592961,689,2600
1711,677301033169788928,391,1206
1712,680805554198020098,656,2133
1713,679872969355714560,652,2156
1714,680161097740095489,723,2291
1715,679475951516934144,626,2064
1716,677187300187611136,894,2679
1717,680801747103793152,807,2352
1718,678255464182861824,356,1563
1719,680836378243002368,1299,3419
1720,677662372920729601,928,1911
1721,679828447187857408,13766,35723
1722,680130881361686529,927,2256
1723,678424312106393600,2482,5372
1724,679111216690831360,2532,5865
1725,677328882937298944,1462,3561
1726,677335745548390400,1726,2979
1727,679862121895714818,604,2419
1728,677700003327029250,1412,3319
1729,678708137298427904,2373,5498
1730,679503373272485890,1440,3126
1731,680206703334408192,1147,2794
1732,678389028614488064,412,1834
1733,680191257256136705,491,2113
1734,679132435750195208,1132,2926
1735,678446151570427904,1505,3924
1736,679511351870550016,1244,3309
1737,678740035362037760,1638,3684
1738,680440374763077632,494,1426
1739,677331501395156992,231,1065
1740,678278586130948096,5948,11213
1741,677314812125323265,520,1608
1742,678021115718029313,6184,13352
1743,677895101218201600,2016,4723
1744,677687604918272002,828,2437
1745,677228873407442944,1595,3462
1746,680959110691590145,1977,4531
1747,677530072887205888,222,1042
1748,680583894916304897,1312,3575
1749,677547928504967168,3587,6791
1750,680494726643068929,478,1698
1751,677918531514703872,397,1315
1752,678380236862578688,889,2388
1753,679405845277462528,1178,2337
1754,680497766108381184,1876,4181
1755,680798457301471234,1013,2816
1756,677557565589463040,1122,2393
1757,679001094530465792,1197,2780
1758,678764513869611008,464,1606
1759,677698403548192770,311,1205
1760,678798276842360832,1135,3393
1761,678643457146150913,394,2009
1762,678800283649069056,878,2521
1763,677269281705472000,687,1932
1764,679158373988876288,7880,20918
1765,678969228704284672,447,1615
1766,679854723806179328,1205,2810
1767,680940246314430465,1036,3165
1768,680913438424612864,612,2374
1769,680085611152338944,8843,12648
1770,678767140346941444,1328,3461
1771,679527802031484928,710,2598
1772,680145970311643136,1710,3563
1773,677961670166224897,1644,3346
1774,679844490799091713,747,2337
1775,675740360753160193,329,1131
1776,675145476954566656,857,2056
1777,675522403582218240,276,1011
1778,676263575653122048,525,2028
1779,676089483918516224,424,1276
1780,675898130735476737,555,1567
1781,674690135443775488,454,1104
1782,674743008475090944,526,1351
1783,675349384339542016,2187,3787
1784,675891555769696257,826,2063
1785,675147105808306176,221,910
1786,675047298674663426,308,1028
1787,675501075957489664,5630,16621
1788,676613908052996102,195,1053
1789,674999807681908736,1064,2164
1790,675870721063669760,548,1573
1791,676819651066732545,647,1775
1792,676897532954456065,707,2197
1793,676575501977128964,1084,2514
1794,674752233200820224,447,1414
1795,676101918813499392,1131,2747
1796,674670581682434048,618,1550
1797,675111688094527488,242,926
1798,676864501615042560,688,2048
1799,675517828909424640,451,1247
1800,675135153782571009,464,1262
1801,674767892831932416,751,1757
1802,675153376133427200,2477,6027
1803,676237365392908289,279,1175
1804,675109292475830276,1092,2695
1805,675372240448454658,499,1629
1806,675497103322386432,1242,3033
1807,676975532580409345,1040,2708
1808,676219687039057920,30092,74333
1809,675149409102012420,1620,3628
1810,676606785097199616,418,1842
1811,674781762103414784,1147,1937
1812,675849018447167488,138,916
1813,675888385639251968,926,2303
1814,674739953134403584,372,1059
1815,676533798876651520,537,1823
1816,676593408224403456,2098,4440
1817,675166823650848770,1528,3455
1818,675113801096802304,756,1881
1819,675706639471788032,90,626
1820,675878199931371520,1356,4059
1821,676588346097852417,758,2251
1822,674790488185167872,241,1064
1823,676440007570247681,641,1676
1824,676948236477857792,843,2107
1825,675015141583413248,1137,2610
1826,674737130913071104,84,622
1827,676215927814406144,556,1688
1828,675822767435051008,518,1478
1829,675707330206547968,659,1910
1830,676603393314578432,373,1131
1831,676191832485810177,1001,2219
1832,675781562965868544,451,1581
1833,675820929667219457,227,1016
1834,675003128568291329,447,1503
1835,676776431406465024,1969,4870
1836,676590572941893632,118,891
1837,676496375194980353,518,1481
1838,676957860086095872,792,2189
1839,675798442703122432,3303,9941
1840,675534494439489536,396,1772
1841,676617503762681856,931,2813
1842,676811746707918848,412,1389
1843,675483430902214656,944,1787
1844,675006312288268288,211,945
1845,675531475945709568,368,1148
1846,676916996760600576,1764,2913
1847,675845657354215424,849,2204
1848,676121918416756736,1125,2101
1849,675146535592706048,285,1141
1850,674764817387900928,229,766
1851,675334060156301312,1239,2670
1852,675853064436391936,1249,2608
1853,675432746517426176,550,1471
1854,675354435921575936,16176,31429
1855,676946864479084545,359,1691
1856,676470639084101634,4526,11298
1857,674788554665512960,203,785
1858,674754018082705410,425,1318
1859,675489971617296384,573,1252
1860,676942428000112642,730,2022
1861,676821958043033607,15121,22350
1862,676098748976615425,1373,2911
1863,676146341966438401,641,1865
1864,674805413498527744,342,832
1865,674800520222154752,819,2906
1866,676430933382295552,331,1358
1867,676582956622721024,266,1161
1868,676949632774234114,384,1274
1869,674774481756377088,452,1072
1870,675710890956750848,787,1825
1871,676936541936185344,4792,12404
1872,674793399141146624,1046,2419
1873,674742531037511680,49,468
1874,675362609739206656,222,1022
1875,673680198160809984,439,1313
1876,673715861853720576,1967,3400
1877,673919437611909120,353,1121
1878,674416750885273600,131,667
1879,673352124999274496,513,1593
1880,673906403526995968,1555,3042
1881,673688752737402881,473,1211
1882,674255168825880576,519,1403
1883,672834301050937345,537,1256
1884,674262580978937856,432,1258
1885,672988786805112832,272,947
1886,673662677122719744,349,1201
1887,674646392044941312,471,1379
1888,672964561327235073,614,1370
1889,672980819271634944,960,1746
1890,672984142909456390,516,1204
1891,674265582246694913,806,1578
1892,672622327801233409,463,1239
1893,674008982932058114,339,1148
1894,674468880899788800,1941,5991
1895,672591762242805761,321,911
1896,672902681409806336,467,1311
1897,672877615439593473,332,991
1898,672975131468300288,858,1600
1899,674447403907457024,345,1027
1900,674063288070742018,2094,6122
1901,673317986296586240,244,841
1902,673707060090052608,372,1055
1903,672997845381865473,676,1887
1904,673295268553605120,3020,7197
1905,673636718965334016,344,1056
1906,673709992831262724,258,800
1907,673270968295534593,346,1031
1908,672828477930868736,463,1200
1909,672898206762672129,403,863
1910,672609152938721280,372,1064
1911,673342308415348736,545,1214
1912,673583129559498752,340,1145
1913,672995267319328768,273,910
1914,673148804208660480,593,1625
1915,674051556661161984,468,1397
1916,673887867907739649,242,901
1917,673343217010679808,258,926
1918,674307341513269249,6658,10922
1919,674632714662858753,551,1451
1920,674372068062928900,303,824
1921,673350198937153538,198,720
1922,673700254269775872,539,1370
1923,673686845050527744,412,1376
1924,674291837063053312,5603,14131
1925,673240798075449344,683,1367
1926,673576835670777856,537,1330
1927,672591271085670400,177,695
1928,674045139690631169,612,1348
1929,672640509974827008,300,939
1930,672614745925664768,552,1178
1931,674410619106390016,441,1156
1932,673363615379013632,290,983
1933,674014384960745472,608,1500
1934,674394782723014656,550,1459
1935,672594978741354496,586,1279
1936,673320132811366400,7489,12871
1937,674318007229923329,499,1358
1938,672970152493887488,340,912
1939,673359818736984064,641,1388
1940,674036086168010753,196,820
1941,673711475735838725,284,996
1942,674082852460433408,161,734
1943,674075285688614912,271,956
1944,673705679337693185,390,1209
1945,673708611235921920,273,1027
1946,674042553264685056,121,691
1947,672604026190569472,381,1064
1948,674644256330530816,259,994
1949,673213039743795200,800,2145
1950,674053186244734976,1234,3162
1951,674038233588723717,401,1064
1952,674422304705744896,518,1375
1953,673612854080196609,684,1531
1954,674638615994089473,559,1631
1955,672538107540070400,344,989
1956,674606911342424069,93,906
1957,673355879178194945,545,1435
1958,673345638550134785,1200,2407
1959,673697980713705472,1875,3802
1960,673656262056419329,223,693
1961,674436901579923456,369,1073
1962,674024893172875264,1170,1711
1963,672523490734551040,160,602
1964,673689733134946305,615,1667
1965,674269164442398721,220,880
1966,673580926094458881,263,796
1967,674271431610523648,700,1509
1968,672968025906282496,516,1270
1969,674664755118911488,238,883
1970,674019345211760640,289,1083
1971,673716320723169284,715,2963
1972,674330906434379776,72,544
1973,673956914389192708,911,1878
1974,672884426393653248,800,1480
1975,671504605491109889,3364,6678
1976,671151324042559489,143,638
1977,671547767500775424,559,1291
1978,670826280409919488,3853,5269
1979,670840546554966016,183,560
1980,672139350159835138,656,1663
1981,671154572044468225,206,680
1982,672254177670729728,705,1376
1983,672466075045466113,505,1298
1984,671357843010908160,146,383
1985,671109016219725825,413,1092
1986,671896809300709376,3971,8132
1987,670783437142401025,365,788
1988,671138694582165504,376,879
1989,671485057807351808,222,727
1990,672160042234327040,339,837
1991,670792680469889025,259,787
1992,671518598289059840,283,907
1993,672267570918129665,585,1421
1994,671511350426865664,669,1523
1995,670778058496974848,70,319
1996,670782429121134593,729,1482
1997,670842764863651840,8238,23568
1998,672488522314567680,412,1063
1999,671538301157904385,368,891
2000,670822709593571328,91,579
2001,671891728106971137,542,1260
2002,671542985629241344,536,1044
2003,672068090318987265,486,1236
2004,671115716440031232,737,1302
2005,671182547775299584,319,1072
2006,671147085991960577,202,639
2007,672082170312290304,346,903
2008,671866342182637568,466,1073
2009,671729906628341761,4127,8116
2010,671882082306625538,1318,3305
2011,671497587707535361,424,882
2012,671159727754231808,75,351
2013,671347597085433856,406,918
2014,672095186491711488,351,955
2015,670764103623966721,400,1035
2016,672245253877968896,146,655
2017,670838202509447168,655,1058
2018,670823764196741120,176,738
2019,671763349865160704,852,1595
2020,671163268581498880,1036,1568
2021,672475084225949696,665,1388
2022,670733412878163972,486,916
2023,671355857343524864,113,464
2024,670727704916926465,338,797
2025,671362598324076544,285,1057
2026,671550332464455680,199,866
2027,671186162933985280,197,701
2028,672481316919734272,123,689
2029,672272411274932228,3195,6171
2030,672248013293752320,570,1664
2031,671879137494245376,633,1352
2032,672222792075620352,202,753
2033,670803562457407488,84,327
2034,670833812859932673,115,419
2035,672256522047614977,1463,2700
2036,671520732782923777,501,1336
2037,670786190031921152,192,570
2038,671744970634719232,719,1295
2039,671735591348891648,717,1379
2040,670789397210615808,224,630
2041,671789708968640512,3289,6742
2042,671122204919246848,2373,3322
2043,671390180817915904,708,1379
2044,672482722825261057,568,1079
2045,671874878652489728,522,1199
2046,671768281401958400,470,1146
2047,671533943490011136,548,975
2048,671855973984772097,415,864
2049,670797304698376195,223,704
2050,672205392827572224,1093,2164
2051,670832455012716544,206,698
2052,672169685991993344,350,977
2053,670995969505435648,279,1059
2054,671141549288370177,620,1097
2055,671528761649688577,245,804
2056,670815497391357952,1458,3026
2057,671486386088865792,184,550
2058,670755717859713024,101,423
2059,672264251789176834,321,1090
2060,671561002136281088,6865,12203
2061,670807719151067136,464,1113
2062,671166507850801152,327,835
2063,671536543010570240,385,1114
2064,671544874165002241,998,1871
2065,670717338665226240,458,1141
2066,670780561024270336,273,759
2067,671134062904504320,181,712
2068,671488513339211776,453,955
2069,672239279297454080,306,858
2070,672231046314901505,957,1749
2071,672125275208069120,1082,2282
2072,670811965569282048,256,1073
2073,671743150407421952,226,721
2074,670804601705242624,909,1870
2075,670427002554466305,150,498
2076,669683899023405056,102,370
2077,669371483794317312,168,472
2078,670442337873600512,189,620
2079,669573570759163904,131,417
2080,669353438988365824,245,601
2081,670444955656130560,1881,6424
2082,668994913074286592,211,423
2083,668852170888998912,151,432
2084,669583744538451968,873,1423
2085,670465786746662913,514,931
2086,670668383499735048,4743,10187
2087,669972011175813120,148,423
2088,670385711116361728,191,541
2089,669354382627049472,1212,2567
2090,670003130994700288,85,317
2091,669006782128353280,230,554
2092,668981893510119424,284,515
2093,669564461267722241,116,373
2094,669375718304980992,688,1266
2095,670691627984359425,231,563
2096,668815180734689280,248,536
2097,670679630144274432,269,718
2098,669037058363662336,295,626
2099,668779399630725120,349,677
2100,669684865554620416,86,492
2101,668872652652679168,286,505
2102,670319130621435904,1153,3722
2103,670403879788544000,144,408
2104,669203728096960512,441,960
2105,669000397445533696,6031,19958
2106,669359674819481600,113,353
2107,669324657376567296,196,475
2108,668960084974809088,230,672
2109,670069087419133954,225,594
2110,669625907762618368,1709,3359
2111,669993076832759809,79,311
2112,668986018524233728,155,528
2113,670411370698022913,842,1929
2114,669363888236994561,215,595
2115,669571471778410496,960,1518
2116,670055038660800512,308,637
2117,669597912108789760,142,491
2118,670434127938719744,613,1343
2119,670046952931721218,162,618
2120,669749430875258880,63,252
2121,670086499208155136,240,669
2122,669567591774625800,52,226
2123,670361874861563904,61,316
2124,669753178989142016,374,771
2125,669923323644657664,53,224
2126,670079681849372674,1158,2117
2127,669327207240699904,114,549
2128,670474236058800128,703,1442
2129,670420569653809152,298,592
2130,668989615043424256,312,641
2131,668892474547511297,140,384
2132,669216679721873412,384,1144
2133,670704688707301377,353,736
2134,668975677807423489,551,1244
2135,669351434509529089,169,413
2136,670338931251150849,101,407
2137,668992363537309700,320,714
2138,670433248821026816,106,316
2139,670428280563085312,585,1319
2140,670449342516494336,617,1153
2141,670452855871037440,193,526
2142,668955713004314625,67,264
2143,670417414769758208,305,546
2144,669680153564442624,268,640
2145,668979806671884288,329,763
2146,670061506722140161,313,728
2147,670303360680108032,123,416
2148,669970042633789440,54,288
2149,668932921458302977,54,250
2150,668826086256599040,126,417
2151,670408998013820928,208,529
2152,669015743032369152,352,711
2153,668967877119254528,21,139
2154,670421925039075328,601,1249
2155,669603084620980224,341,905
2156,670290420111441920,268,665
2157,670093938074779648,316,984
2158,670468609693655041,82,340
2159,670374371102445568,252,717
2160,669328503091937280,395,971
2161,669926384437997569,92,361
2162,670040295598354432,105,718
2163,669214165781868544,150,420
2164,668902994700836864,94,303
2165,669393256313184256,69,344
2166,670676092097810432,39,236
2167,669682095984410625,128,338
2168,669367896104181761,142,439
2169,670037189829525505,258,569
2170,668988183816871936,438,865
2171,669661792646373376,410,774
2172,670073503555706880,747,1488
2173,669942763794931712,150,482
2174,670435821946826752,486,1011
2175,667937095915278337,753,1191
2176,667065535570550784,41,159
2177,667549055577362432,2121,5492
2178,668204964695683073,184,532
2179,668620235289837568,38,190
2180,667873844930215936,383,595
2181,668256321989451776,568,1231
2182,667782464991965184,232,395
2183,668268907921326080,222,530
2184,668623201287675904,710,1360
2185,667437278097252352,223,427
2186,668291999406125056,29,231
2187,667766675769573376,204,420
2188,667495797102141441,249,498
2189,667182792070062081,5789,13555
2190,668190681446379520,190,616
2191,668542336805281792,200,431
2192,668248472370458624,453,924
2193,668237644992782336,2677,5899
2194,668496999348633600,124,391
2195,668171859951755264,183,464
2196,667138269671505920,2050,4340
2197,667924896115245057,108,280
2198,667443425659232256,543,746
2199,667861340749471744,74,230
2200,668466899341221888,482,852
2201,667524857454854144,1054,1608
2202,667832474953625600,59,284
2203,667534815156183040,494,779
2204,667177989038297088,51,183
2205,667152164079423490,15890,45215
2206,668587383441514497,1012,1585
2207,667517642048163840,181,351
2208,668480044826800133,139,437
2209,667171260800061440,77,209
2210,668636665813057536,465,992
2211,667174963120574464,73,233
2212,667530908589760512,224,445
2213,667911425562669056,281,468
2214,668226093875376128,96,284
2215,668655139528511488,206,498
2216,667773195014021121,52,223
2217,667393430834667520,52,184
2218,667550882905632768,32,0
2219,667470559035432960,90,242
2220,667211855547486208,224,464
2221,668645506898350081,502,834
2222,667866724293877760,976,2886
2223,668625577880875008,121,365
2224,668633411083464705,1515,2670
2225,667192066997374976,92,363
2226,667455448082227200,56,182
2227,667502640335572993,211,514
2228,667453023279554560,84,296
2229,668221241640230912,186,493
2230,667073648344346624,112,379
2231,667160273090932737,59,241
2232,667188689915760640,375,709
2233,668113020489474048,222,639
2234,667886921285246976,1014,1779
2235,667165590075940865,1054,2545
2236,667546741521195010,115,324
2237,667491009379606528,211,498
2238,667902449697558528,359,817
2239,667801013445750784,92,314
2240,667200525029539841,245,582
2241,667544320556335104,494,816
2242,667724302356258817,304,459
2243,667915453470232577,53,199
2244,668297328638447616,280,599
2245,668544745690562560,214,489
2246,667885044254572545,446,779
2247,668643542311546881,500,835
2248,668286279830867968,129,480
2249,667806454573760512,462,1008
2250,668154635664932864,294,473
2251,668567822092664832,49,230
2252,667878741721415682,111,375
2253,668528771708952576,210,441
2254,667176164155375616,429,579
2255,668614819948453888,300,588
2256,667405339315146752,211,445
2257,667793409583771648,311,670
2258,667550904950915073,32,0
2259,668507509523615744,98,311
2260,667369227918143488,153,350
2261,667728196545200128,143,362
2262,668274247790391296,222,782
2263,668484198282485761,220,407
2264,668142349051129856,264,549
2265,668537837512433665,67,242
2266,668627278264475648,108,300
2267,667090893657276420,117,316
2268,667070482143944705,13,79
2269,667435689202614272,79,294
2270,667509364010450944,2008,6462
2271,668641109086707712,510,1020
2272,668631377374486528,301,677
2273,667119796878725120,122,316
2274,667538891197542400,61,194
